<?xml version="1.0" encoding="UTF-8"?>
<addon id="plugin.program.JimCrowMessages" version="1.1.1" name="JimCrow Messages" provider-name="JimCrow">
  <requires>
  	<import addon="xbmc.python" version="2.1.0"/>
  	<import addon="script.module.addon.common" optional="true" />
  </requires>
  <extension point="xbmc.python.script" library="default.py">
    <provides>executable</provides>
  </extension>
  <extension point="xbmc.service" library="service.py" start="startup">
  </extension>
  <extension point="xbmc.addon.metadata">
  	<summary></summary>
  	<description>JimCrow Messages Notifications.</description>
  	<disclaimer></disclaimer>
  	<language>GR</language>
  	<platform>all</platform>
  	<forum>https://www.facebook.com/groups/306065916459427/</forum>
  	<website>http://jimlibertycrow.wixsite.com/kodi/</website>
  	<source></source>
  	<email>http://jimlibertycrow.wixsite.com/kodi/contact</email>
  </extension>
</addon>
