<?xml version="1.0" encoding="UTF-8" standalone="yes"?>
<addon id="plugin.video.JimCrow" name="[COLOR blue]Jim Crow Lists[/COLOR]" version="1.0.0" provider-name="[COLOR red]Jim Crow Lists Kodi Group[/COLOR]">
  <requires>
    <import addon="xbmc.python" version="2.24.0"/>
	<import addon="plugin.video.youtube"/>
	<import addon="script.video.F4mProxy"/>
  </requires>
  <extension point="xbmc.python.pluginsource" library="main.py">
    <provides>video</provides>
  </extension>
  <extension point="xbmc.addon.metadata">
    <summary lang="en">Jim Crow Lists addon</summary>
    <description lang="en">Jim Crow Lists</description>
    <summary lang="el">Πρόσθετο Jim Crow Lists</summary>
    <description lang="el">Το Πρόσθετο Jim Crow Lists</description>
    <disclaimer lang="en">Jim Crow Lists developer cannot be held responsible for the quality or availability of the listed streams. </disclaimer>
    <disclaimer lang="el">Ο δημιουργός του  Jim Crow organizer δεν μπορεί να θεωρηθεί υπεύθυνος για την ποιότητα ή την διαθεσιμότητα των ροών. </disclaimer>
    <license>GNU GPL, version 1 or later</license>
    <platform>all</platform>
  </extension>
</addon>
