<?xml version="1.0" encoding="UTF-8" standalone="yes"?>
<addon id="repository.JimCrow" name="[COLOR limegreen][B]JimCrow[/B][/COLOR]Wizard Repository" version="1.0" provider-name="JimCrow">
    <extension point="xbmc.addon.repository" name="[COLOR limegreen][B]JimCrow[/B][/COLOR]Wizard Repository">
        <dir>
            <info compressed="false">http://zetaki.ddns.net/Repo/zips/addons.xml</info>
            <checksum>http://zetaki.ddns.net/Repo/zips/addons.xml.md5</checksum>
            <datadir zip="true">http://zetaki.ddns.net/Repo/zips/</datadir>
        </dir>
    </extension>
    
    <extension point="xbmc.addon.metadata">
        <summary>[COLOR limegreen][B]JimCrow[/B][/COLOR]Wizard</summary>
        <description>The official home of [COLOR limegreen][B]JimCrow[/B][/COLOR]Wizard.</description>
        <disclaimer>None</disclaimer>
        <platform>all</platform>
        <assets>
            <icon>icon.png</icon>
            <fanart>fanart.jpg</fanart>
        </assets>
        <source>http://zetaki.ddns.net/Repo/zips/repository.JimCrow/</source>
    </extension>
</addon>